Report_Species_Id,Section_Id,Start_Page,Pages
1346,124525,1,110
1346,68102,111,1
1346,14708,112,1
1346,143781,113,1
1346,55737,114,3
1346,14259,117,2204
1346,38562,2321,415
1346,38563,2736,1
1346,14260,2737,4
1346,38570,2741,1
1346,38573,2742,1
1346,38576,2743,2
1346,38589,2745,1
1346,38605,2746,1
1346,38611,2747,1
1346,38613,2748,521
1346,66803,3269,1
1346,38615,3270,1
1346,38618,3271,1
1346,38622,3272,1
1346,38631,3273,2
1346,38635,3275,1
1346,38639,3276,1
1346,38640,3277,1
1346,38645,3278,2
1346,38648,3280,1
1346,38649,3281,3
1346,38650,3284,1
1346,38660,3285,1
1346,38661,3286,1
1346,38662,3287,1
1346,38663,3288,1
1346,63728,3289,1
1346,52833,3290,3
1346,32754,3293,2
1346,33037,3295,3
