FILENAME,DOMAIN_ID,REPORT_SPECIES_ID,AS_OF_TIMESTAMP,SEGMENT_COUNT,MIN_SEG,MAX_SEG,TOTAL_PAGES
250010JG.MAP,1,45279,2024-12-31 08:23:57.360000,83,1,83,83
250030HM.MAP,1,45279,2025-01-02 08:15:57.260000,83,1,83,83
250040GR.MAP,1,45279,2025-01-03 08:15:47.250000,83,1,83,83
250070HD.MAP,1,45279,2025-01-06 10:16:14.680000,83,1,83,83
250080H1.MAP,1,45279,2025-01-07 08:15:14.810000,83,1,83,83
250090G0.MAP,1,45279,2025-01-08 08:15:24.920000,83,1,83,83
250100GY.MAP,1,45279,2025-01-09 08:15:26.660000,83,1,83,83
250110GF.MAP,1,45279,2025-01-10 08:15:37.130000,83,1,83,83
250110QS.MAP,1,48292,2025-01-11 06:32:28.760000,33,1,33,33
250031H6.MAP,1,46022,2025-01-03 11:03:21.560000,22,1,22,23
2500205R.MAP,1,46022,2025-01-02 12:03:26.190000,21,1,21,23
250090JZ.MAP,1,46022,2025-01-08 11:03:09.770000,21,1,21,23
25008004.MAP,1,46022,2025-01-07 10:21:31.180000,20,1,20,23
25016005.MAP,1,46022,2025-01-15 11:02:59.110000,20,1,20,23
250090RU.MAP,1,46022,2025-01-09 11:03:19.380000,19,1,19,23
250010QM.MAP,1,46022,2025-01-01 15:07:53.340000,18,1,18,23
250090RM.MAP,1,48565,2025-01-09 06:32:22.540000,17,1,17,17
250090RN.MAP,1,48291,2025-01-09 06:32:23.480000,17,1,17,17
250090RO.MAP,1,48292,2025-01-09 06:32:24.370000,17,1,17,17
250100S4.MAP,1,48565,2025-01-10 06:32:38.310000,17,1,17,17
250100S5.MAP,1,48291,2025-01-10 06:32:39.430000,17,1,17,17
250100S6.MAP,1,48292,2025-01-10 06:32:40.320000,17,1,17,17
250110QP.MAP,1,48565,2025-01-11 06:32:26.610000,17,1,17,17
250110QQ.MAP,1,48291,2025-01-11 06:32:27.700000,17,1,17,295
25012055.MAP,1,48565,2025-01-12 06:32:19.560000,17,1,17,17
25012056.MAP,1,48291,2025-01-12 06:32:20.530000,17,1,17,17
25012057.MAP,1,48292,2025-01-12 06:32:21.610000,17,1,17,17
2501307I.MAP,1,48565,2025-01-13 06:32:23.020000,17,1,17,17
2501307J.MAP,1,48291,2025-01-13 06:32:24.010000,17,1,17,17
2501307K.MAP,1,48292,2025-01-13 06:32:24.970000,17,1,17,17
25014070.MAP,1,48565,2025-01-14 06:32:25.380000,17,1,17,17
25014071.MAP,1,48291,2025-01-14 06:32:26.450000,17,1,17,2019
25014072.MAP,1,48292,2025-01-14 06:32:27.810000,17,1,17,78
25015094.MAP,1,48565,2025-01-15 06:32:26.390000,17,1,17,17
25015095.MAP,1,48291,2025-01-15 06:32:27.340000,17,1,17,17
25015096.MAP,1,48292,2025-01-15 06:32:28.340000,17,1,17,17
2500503Y.MAP,1,48291,2025-01-05 06:42:40.040000,15,1,15,15
250070R7.MAP,1,48292,2025-01-07 09:28:48.640000,15,1,15,15
25014004.MAP,1,46022,2025-01-13 11:03:18.930000,15,1,15,23
25003097.MAP,1,1719,2025-01-02 10:00:13.640000,12,1,12,44
2500313X.MAP,1,46416,2024-12-27 02:07:50.380000,12,1,12,12
2500314H.MAP,1,46416,2024-12-28 15:43:50.660000,12,1,12,12
25003151.MAP,1,46416,2024-12-29 15:44:07.540000,12,1,12,12
2500315T.MAP,1,46416,2024-12-30 15:44:23.480000,12,1,12,12
2500316C.MAP,1,46416,2024-12-31 15:44:40.130000,12,1,12,12
25003175.MAP,1,46416,2025-01-01 15:44:56.340000,12,1,12,12
2500400L.MAP,1,46416,2025-01-03 15:45:27.650000,12,1,12,12
250040MP.MAP,1,48291,2025-01-04 06:42:34.790000,12,1,12,12
2500500L.MAP,1,46416,2025-01-04 02:20:19.320000,12,1,12,12
2500600I.MAP,1,46416,2025-01-05 02:17:16.520000,12,1,12,12
2500800N.MAP,1,46416,2025-01-07 09:28:02.690000,12,1,12,12
2501000K.MAP,1,46416,2025-01-09 02:07:53.600000,12,1,12,12
2501100O.MAP,1,46416,2025-01-10 02:07:51.320000,12,1,12,12
2501200K.MAP,1,46416,2025-01-11 02:07:52.240000,12,1,12,12
2501300J.MAP,1,46416,2025-01-12 02:07:48.710000,12,1,12,12
2501400N.MAP,1,46416,2025-01-13 02:07:48.640000,12,1,12,12
2501500K.MAP,1,46416,2025-01-14 02:07:50.740000,12,1,12,12
25016008.MAP,1,46416,2025-01-15 02:07:51.980000,12,1,12,12
2500317O.MAP,1,46416,2025-01-02 15:45:12.920000,11,1,11,11
2500701Z.MAP,1,46416,2025-01-06 02:52:49.420000,11,1,11,11
250080QG.MAP,1,48292,2025-01-08 06:32:27.870000,11,1,11,11
2500900G.MAP,1,46416,2025-01-08 02:07:50.570000,11,1,11,11
25015004.MAP,1,46022,2025-01-14 11:03:18.030000,11,1,11,23
250040MJ.MAP,1,48292,2025-01-04 08:42:28.740000,10,1,10,10
250070Q2.MAP,1,48291,2025-01-07 09:28:42.020000,10,1,10,10
25011004.MAP,1,46022,2025-01-10 11:03:25.760000,10,1,10,23
250031GZ.MAP,1,48291,2025-01-03 15:34:21.730000,9,1,9,9
250031H0.MAP,1,48292,2025-01-03 15:34:23.010000,9,1,9,9
2500503S.MAP,1,48292,2025-01-05 07:42:38.150000,9,1,9,9
2500702D.MAP,1,48291,2025-01-06 06:39:27.550000,9,1,9,9
2500702H.MAP,1,48292,2025-01-06 06:39:28.670000,9,1,9,9
2500708U.MAP,1,1719,2025-01-06 13:00:10.920000,9,1,9,15
2500709A.MAP,1,1650,2025-01-06 13:00:11.420000,9,1,9,18
25010076.MAP,1,1719,2025-01-09 13:00:11.710000,8,1,8,35
250160D1.MAP,1,48565,2025-01-16 06:32:22.740000,8,1,8,8
250160D2.MAP,1,48291,2025-01-16 06:32:23.790000,8,1,8,8
250160D3.MAP,1,48292,2025-01-16 06:32:24.940000,8,1,8,8
250010OI.MAP,1,42225,2024-12-31 08:28:23.860000,7,1,7,17
2500407Z.MAP,1,1719,2025-01-03 17:01:22.120000,7,1,7,24
25001060.MAP,1,8975,2024-12-31 08:04:03.940000,6,1,6,43075
25001069.MAP,1,8976,2024-12-31 08:04:07.710000,6,1,6,67899
250010OH.MAP,1,42223,2024-12-31 08:28:24.590000,6,1,6,31
2500308Z.MAP,1,47304,2025-01-02 10:00:15.180000,6,1,6,6
250030YN.MAP,1,34461,2025-01-02 08:17:17.730000,6,1,6,6
250030YP.MAP,1,6575,2025-01-02 08:17:13.760000,6,1,6,6
250030YR.MAP,1,6576,2025-01-02 08:17:16,6,1,6,24
250030YS.MAP,1,10806,2025-01-02 08:17:53.990000,6,1,6,6
250030YT.MAP,1,10804,2025-01-02 08:19:21.460000,6,1,6,6
250030Z8.MAP,1,10790,2025-01-02 08:19:20.750000,6,1,6,42
250030ZB.MAP,1,6223,2025-01-02 08:19:10.870000,6,1,6,21
250030ZC.MAP,1,6355,2025-01-02 08:19:01.570000,6,1,6,222
250030ZE.MAP,1,10403,2025-01-02 08:18:49.150000,6,1,6,6
250030ZG.MAP,1,35138,2025-01-02 08:18:30.200000,6,1,6,6
250030ZP.MAP,1,10788,2025-01-02 08:18:55.990000,6,1,6,174
250030ZR.MAP,1,38277,2025-01-02 08:18:57.540000,6,1,6,30
250030ZV.MAP,1,30090,2025-01-02 08:18:00.060000,6,1,6,690
250030ZW.MAP,1,41322,2025-01-02 08:19:59.980000,6,1,6,6
250030ZY.MAP,1,6850,2025-01-02 08:18:17.740000,6,1,6,12
2500310I.MAP,1,44356,2025-01-02 08:19:34.980000,6,1,6,14304
2500310K.MAP,1,44195,2025-01-03 08:17:25.530000,6,1,6,6
2500700U.MAP,1,46022,2025-01-06 11:03:22.340000,6,1,6,21
25008093.MAP,1,1686,2023-09-15 14:17:58.890000,6,1,6,7
2500809F.MAP,1,1719,2025-01-07 13:00:10.010000,6,1,6,20
2501008D.MAP,1,1686,2023-09-19 14:14:49.840000,6,1,6,7
250010AL.MAP,1,1656,2023-09-11 10:58:08.880000,5,1,5,5
250010E4.MAP,1,19851,2024-12-31 08:20:22.350000,5,1,5,5
25003091.MAP,1,19134,2025-01-02 10:00:15.210000,5,1,5,5
25003092.MAP,1,19132,2025-01-02 10:00:15.680000,5,1,5,5
25003094.MAP,1,19304,2025-01-02 10:00:16.150000,5,1,5,5
250030B7.MAP,1,19851,2038-08-10 08:11:44.890000,5,1,5,5
250031FY.MAP,1,48565,2025-01-03 15:34:20.470000,5,1,5,5
2500409Y.MAP,1,19851,2038-08-16 08:11:05.510000,5,1,5,5
25007067.MAP,1,42215,2023-09-14 16:17:25.880000,5,1,5,1492
2500709O.MAP,1,1686,2023-09-14 14:15:59.090000,5,1,5,6
2500807R.MAP,1,1647,1938-08-31 08:07:46.620000,5,1,5,32
2500808S.MAP,1,1656,2023-09-15 14:17:55.260000,5,1,5,5
250080QE.MAP,1,48565,2025-01-08 18:21:56.130000,5,1,5,5
250080QF.MAP,1,48291,2025-01-08 18:32:37.410000,5,1,5,5
25009087.MAP,1,1686,2023-09-18 14:13:31.980000,5,1,5,8
250090AZ.MAP,1,19851,2025-01-08 08:13:08.360000,5,1,5,5
2501005S.MAP,1,42215,2023-09-19 14:09:17.200000,5,1,5,840
25010083.MAP,1,1656,2023-09-19 14:14:41.880000,5,1,5,5
2501104M.MAP,1,42215,2023-09-20 10:44:32.650000,5,1,5,945
2501106J.MAP,1,1719,2025-01-10 13:00:10.400000,5,1,5,29
25011071.MAP,1,1656,2023-09-20 13:50:39.970000,5,1,5,5
2501107C.MAP,1,1686,2023-09-20 13:50:33.030000,5,1,5,8
2500107D.MAP,1,42215,2023-09-11 10:47:18.680000,4,1,4,477
250010CH.MAP,1,19851,2038-08-04 08:14:44.430000,4,1,4,4
2500309K.MAP,1,1656,2023-09-12 10:59:21.960000,4,1,4,6
2500310L.MAP,1,39497,2025-01-02 08:18:41.500000,4,1,4,8
250031AF.MAP,1,48565,2024-12-27 06:32:24.280000,4,1,4,4
250031B3.MAP,1,48291,2024-12-27 06:32:25.270000,4,1,4,4
250031BM.MAP,1,48292,2024-12-27 06:32:26.240000,4,1,4,5
250031CH.MAP,1,48525,2024-11-26 11:03:40.910000,4,1,4,21
250031H9.MAP,1,48290,2025-01-03 15:53:41.580000,4,1,4,4
250031HA.MAP,1,48294,2025-01-03 15:54:14.690000,4,1,4,4
2500406O.MAP,1,8717,1938-08-10 08:07:23.100000,4,1,4,4
2500407B.MAP,1,1686,1938-08-16 08:07:34.110000,4,1,4,4
2500408B.MAP,1,1656,2023-09-13 11:00:32.590000,4,1,4,5
250070O2.MAP,1,1656,2023-09-14 14:15:54.320000,4,1,4,6
250070RC.MAP,1,48294,2025-01-07 10:21:36.440000,4,1,4,4
25008066.MAP,1,42215,2023-09-15 16:17:20.660000,4,1,4,2398
25008089.MAP,1,1659,2025-01-07 08:08:07.020000,4,1,4,4
250080C8.MAP,1,19851,2025-01-07 08:12:10.910000,4,1,4,4
25009056.MAP,1,42215,2023-09-18 16:17:26.950000,4,1,4,656
25009083.MAP,1,1656,2023-09-18 14:13:25.530000,4,1,4,4
250090IQ.MAP,1,6898,2025-01-08 13:00:16.960000,4,1,4,7
250090RY.MAP,1,48563,2025-01-09 10:12:09.180000,4,1,4,4
250090RZ.MAP,1,48290,2025-01-09 10:12:10.260000,4,1,4,4
250090S0.MAP,1,48294,2025-01-09 10:12:11.230000,4,1,4,4
25010092.MAP,1,1686,2025-01-09 08:08:28.700000,4,1,4,4
25010094.MAP,1,1659,2025-01-09 08:08:29.520000,4,1,4,4
250100H3.MAP,1,6898,2025-01-09 13:00:18.030000,4,1,4,218
250100SC.MAP,1,48563,2025-01-10 10:07:21.950000,4,1,4,4
250100SD.MAP,1,48290,2025-01-10 10:07:22.920000,4,1,4,10
250100SE.MAP,1,48294,2025-01-10 10:07:23.900000,4,1,4,10
250110A3.MAP,1,19851,2025-01-10 08:10:53.870000,4,1,4,4
250110QY.MAP,1,48563,2025-01-11 10:07:08.500000,4,1,4,4
250110QZ.MAP,1,48290,2025-01-11 10:07:09.440000,4,1,4,1692
250110R0.MAP,1,48294,2025-01-11 10:07:11.750000,4,1,4,92
2501205D.MAP,1,48563,2025-01-12 10:06:32.090000,4,1,4,4
2501205E.MAP,1,48290,2025-01-12 10:06:33.110000,4,1,4,4
2501205F.MAP,1,48294,2025-01-12 10:06:34.080000,4,1,4,4
2501307Q.MAP,1,48563,2025-01-13 10:07:13.200000,4,1,4,4
2501307R.MAP,1,48290,2025-01-13 10:07:14.190000,4,1,4,22
2501307S.MAP,1,48294,2025-01-13 10:07:15.200000,4,1,4,22
25014078.MAP,1,48563,2025-01-14 10:07:08.970000,4,1,4,4
25014079.MAP,1,48290,2025-01-14 10:07:09.950000,4,1,4,1285
2501407A.MAP,1,48294,2025-01-14 10:07:11.900000,4,1,4,1225
2501504Z.MAP,1,34433,2024-06-29 11:05:15.010000,4,1,4,176
25015050.MAP,1,34434,2024-06-29 11:05:15.490000,4,1,4,108
25015051.MAP,1,34435,2024-06-29 11:05:16.130000,4,1,4,6560
25015052.MAP,1,34436,2024-06-29 11:05:16.980000,4,1,4,7278
2500106Y.MAP,1,43685,2024-12-31 08:14:18.540000,3,1,3,3
250010A4.MAP,1,1659,1938-08-04 08:12:14.750000,3,1,3,4
250010AC.MAP,1,1693,1938-08-04 08:12:33.100000,3,1,3,3
250010AD.MAP,1,1685,1938-08-04 08:12:33.810000,3,1,3,3
250010AE.MAP,1,1686,1938-08-04 08:12:27.200000,3,1,3,3
250010AF.MAP,1,47304,2024-12-31 10:00:19.240000,3,1,3,3
250010AG.MAP,1,19134,2024-12-31 10:00:19.750000,3,1,3,6
250010AO.MAP,1,1686,2023-09-11 10:58:16.820000,3,1,3,4
250010B2.MAP,1,1656,2024-12-31 08:13:25.240000,3,1,3,3
250010B5.MAP,1,1685,2024-12-31 08:13:28.530000,3,1,3,11
250010EG.MAP,1,1293,2024-12-31 08:22:51.580000,3,1,3,11818
250010EL.MAP,1,41959,2024-12-31 08:18:52.230000,3,1,3,32439
25002019.MAP,1,8717,1938-08-04 08:00:13.900000,3,1,3,3
2500305E.MAP,1,8049,2025-01-03 08:03:15.420000,3,1,3,3
2500306U.MAP,1,42215,2023-09-12 10:49:08.160000,3,1,3,226
2500308K.MAP,1,1663,1938-08-10 08:08:54.220000,3,1,3,3
2500308L.MAP,1,1685,1938-08-10 08:08:52.930000,3,1,3,3
2500309N.MAP,1,1686,2023-09-12 10:59:30.990000,3,1,3,3
250030A2.MAP,1,1656,2025-01-02 08:09:48.290000,3,1,3,4
250030A6.MAP,1,1659,2025-01-02 08:09:53.470000,3,1,3,4
250030TY.MAP,1,34126,2025-01-02 08:17:21.690000,3,1,3,3
250030U0.MAP,1,44198,2025-01-03 08:17:25.250000,3,1,3,3
250030U2.MAP,1,44195,2038-08-11 08:17:26.460000,3,1,3,3
250030UA.MAP,1,44198,2038-08-11 08:17:26.710000,3,1,3,3
250030UB.MAP,1,10805,2038-08-10 08:17:29.200000,3,1,3,3
250030UC.MAP,1,44393,2038-08-10 08:17:29.450000,3,1,3,6
250030UD.MAP,1,6223,2038-08-10 08:17:29.920000,3,1,3,3
250030UE.MAP,1,6355,2038-08-10 08:17:30.390000,3,1,3,6
250030UG.MAP,1,6359,2038-08-10 08:17:33.360000,3,1,3,3
250030UJ.MAP,1,6357,2038-08-10 08:17:36.590000,3,1,3,6
250030UK.MAP,1,35138,2038-08-10 08:17:37.960000,3,1,3,3
250030UL.MAP,1,46360,2038-08-10 08:17:38.210000,3,1,3,9
250030UM.MAP,1,44194,2038-08-10 08:17:38.680000,3,1,3,3
250030UX.MAP,1,10788,2038-08-10 08:17:41.220000,3,1,3,6
250030UY.MAP,1,20163,2038-08-10 08:17:42.960000,3,1,3,3
250030V0.MAP,1,32400,2038-08-10 08:17:44.040000,3,1,3,3
250030V1.MAP,1,46425,2038-08-10 08:17:44.300000,3,1,3,3
250030V2.MAP,1,46392,2038-08-10 08:17:44.780000,3,1,3,3
250030V3.MAP,1,38277,2038-08-10 08:17:45.720000,3,1,3,3
250030V4.MAP,1,10789,2038-08-10 08:17:46.440000,3,1,3,6
250030V5.MAP,1,10804,2038-08-10 08:17:46.690000,3,1,3,3
250030V6.MAP,1,10806,2038-08-10 08:17:48.990000,3,1,3,3
250030V7.MAP,1,10790,2038-08-10 08:17:49.240000,3,1,3,6
250030V9.MAP,1,45384,2038-08-10 08:17:52.220000,3,1,3,27
250030VI.MAP,1,6319,2025-01-02 08:18:20.060000,3,1,3,3
250030VJ.MAP,1,38554,2025-01-02 08:18:24.040000,3,1,3,3
250030VL.MAP,1,6413,2025-01-02 08:18:28.410000,3,1,3,3
250030VT.MAP,1,44239,2025-01-02 08:18:37.590000,3,1,3,6
250030VU.MAP,1,6359,2025-01-02 08:18:39.110000,3,1,3,3
250030VV.MAP,1,6357,2025-01-02 08:18:40.750000,3,1,3,9
250030VX.MAP,1,20269,2025-01-02 08:18:43.310000,3,1,3,6
250030VZ.MAP,1,35139,2025-01-02 08:18:45.650000,3,1,3,3
250030W9.MAP,1,44194,2025-01-02 08:19:04.230000,3,1,3,3
250030WA.MAP,1,9468,2025-01-02 08:19:05.970000,3,1,3,3
250030WG.MAP,1,44393,2025-01-02 08:19:09.890000,3,1,3,12
250030WJ.MAP,1,46360,2025-01-02 08:19:14.950000,3,1,3,15
250030WL.MAP,1,10789,2025-01-02 08:19:15.660000,3,1,3,6
250030WM.MAP,1,20163,2025-01-02 08:19:16.590000,3,1,3,9
250030WP.MAP,1,10805,2025-01-02 08:19:21,3,1,3,3
250030X0.MAP,1,44700,2025-01-02 08:19:28.450000,3,1,3,3
250030X1.MAP,1,43680,2025-01-02 08:19:29.150000,3,1,3,3
250030X2.MAP,1,44702,2025-01-02 08:19:30.400000,3,1,3,3
250030X4.MAP,1,44699,2025-01-02 08:19:30.660000,3,1,3,3
250030X6.MAP,1,46092,2025-01-02 08:19:33.230000,3,1,3,24
250030X7.MAP,1,43679,2025-01-02 08:19:33.970000,3,1,3,3
250030X8.MAP,1,43678,2025-01-02 08:19:34.710000,3,1,3,3
250030XL.MAP,1,44716,2025-01-02 08:19:38.270000,3,1,3,3
250030XM.MAP,1,39467,2025-01-02 08:19:39.120000,3,1,3,3
250030XN.MAP,1,44503,2025-01-02 08:19:39.400000,3,1,3,3
250030XO.MAP,1,33853,2025-01-02 08:19:40.710000,3,1,3,3
250030XP.MAP,1,46206,2025-01-02 08:19:41.940000,3,1,3,3
250030XQ.MAP,1,44715,2025-01-02 08:19:42.960000,3,1,3,186
250030XR.MAP,1,42433,2025-01-02 08:19:43.380000,3,1,3,21
250030XS.MAP,1,44717,2025-01-02 08:19:44.700000,3,1,3,3
250030XT.MAP,1,44713,2025-01-02 08:19:45.450000,3,1,3,3
250030XU.MAP,1,32400,2025-01-02 08:19:46.200000,3,1,3,3
250030XV.MAP,1,44701,2025-01-02 08:19:48.460000,3,1,3,3
250030XW.MAP,1,6195,2025-01-02 08:19:50.310000,3,1,3,3
250030XX.MAP,1,46207,2025-01-02 08:19:51.290000,3,1,3,3
250030XY.MAP,1,46268,2025-01-02 08:19:52.310000,3,1,3,3
250030YA.MAP,1,19621,2025-01-02 08:19:58.470000,3,1,3,3
250030YB.MAP,1,19383,2025-01-02 08:19:58.750000,3,1,3,3
250030YC.MAP,1,41323,2025-01-02 08:19:59.710000,3,1,3,3
250030YF.MAP,1,46393,2038-08-10 08:20:00.470000,3,1,3,3
250030YG.MAP,1,42433,2038-08-10 08:20:00.940000,3,1,3,27
250030YH.MAP,1,48304,2038-08-10 08:20:01.410000,3,1,3,3
250030YI.MAP,1,46394,2038-08-10 08:20:01.900000,3,1,3,3
250030YJ.MAP,1,45961,2038-08-10 08:20:03.120000,3,1,3,3
250030YL.MAP,1,45440,2038-08-10 08:20:04.350000,3,1,3,63
250030YV.MAP,1,46425,2025-01-02 08:20:11.220000,3,1,3,3
250030YW.MAP,1,46392,2025-01-02 08:20:11.780000,3,1,3,3
250030Z6.MAP,1,44250,2025-01-02 08:20:12.830000,3,1,3,3
250030Z7.MAP,1,44251,2025-01-02 08:20:13.090000,3,1,3,6
250030Z9.MAP,1,46942,2025-01-02 08:20:14.020000,3,1,3,3
250030ZA.MAP,1,44252,2025-01-02 08:20:14.940000,3,1,3,6
250030ZD.MAP,1,44246,2025-01-02 08:20:19.720000,3,1,3,3
250030ZS.MAP,1,47377,2025-01-02 08:20:30.380000,3,1,3,45
250030ZU.MAP,1,45384,2025-01-02 08:20:31.840000,3,1,3,474
250030ZX.MAP,1,45961,2025-01-02 08:20:35.280000,3,1,3,3
250030ZZ.MAP,1,46393,2025-01-02 08:20:37.720000,3,1,3,3
25003100.MAP,1,48304,2025-01-02 08:20:38.520000,3,1,3,3
25003106.MAP,1,48567,2025-01-02 08:20:42.590000,3,1,3,3
2500310J.MAP,1,46394,2025-01-02 08:20:45.820000,3,1,3,3
2500310P.MAP,1,47199,2024-12-27 15:33:50.020000,3,1,3,3
2500310R.MAP,1,47199,2024-12-28 15:33:54.100000,3,1,3,3
25003111.MAP,1,47199,2024-12-29 15:33:58.210000,3,1,3,3
25003113.MAP,1,47199,2024-12-30 15:34:02.280000,3,1,3,3
25003115.MAP,1,47199,2024-12-31 15:34:06.920000,3,1,3,3
2500311F.MAP,1,47199,2025-01-01 15:34:10.850000,3,1,3,3
2500311H.MAP,1,47199,2025-01-02 15:34:14.720000,3,1,3,3
250031DF.MAP,1,41649,2025-01-02 13:00:16.840000,3,1,3,166
250031DH.MAP,1,1,2025-01-02 08:00:09.400000,3,1,3,877
250031EI.MAP,1,8718,2025-01-02 17:01:23.290000,3,1,3,4
250031FO.MAP,1,48563,2025-01-03 15:53:09.650000,3,1,3,3
250031H2.MAP,1,47199,2025-01-03 15:34:19.190000,3,1,3,3
25004028.MAP,1,46153,2025-01-03 17:00:52.510000,3,1,3,238
2500402A.MAP,1,1,2025-01-03 08:00:27.640000,3,1,3,1002
25004059.MAP,1,42215,2023-09-13 10:50:43.960000,3,1,3,222
2500406N.MAP,1,8715,1938-08-10 08:07:21.710000,3,1,3,4
2500407A.MAP,1,1659,1938-08-16 08:07:37.060000,3,1,3,4
2500407S.MAP,1,1656,2038-08-16 08:07:39.480000,3,1,3,3
2500407T.MAP,1,1685,1938-08-16 08:07:49.650000,3,1,3,3
2500407V.MAP,1,47304,2025-01-03 17:01:19.980000,3,1,3,3
2500407W.MAP,1,19134,2025-01-03 17:01:20.010000,3,1,3,8
2500408K.MAP,1,1686,2023-09-13 11:00:37.870000,3,1,3,6
250040BR.MAP,1,19851,2025-01-03 08:13:51.860000,3,1,3,3
250040MT.MAP,1,47199,2025-01-04 11:09:48.430000,3,1,3,3
2500501N.MAP,1,43685,2025-01-04 08:07:13.990000,3,1,3,3
2500503H.MAP,1,48290,2025-01-05 10:23:30.950000,3,1,3,3
25005040.MAP,1,47199,2025-01-05 11:04:09.130000,3,1,3,3
2500601C.MAP,1,46361,2025-01-03 08:07:16.500000,3,1,3,3
2500601R.MAP,1,44963,2025-01-03 10:00:18.630000,3,1,3,489
2500601S.MAP,1,46545,2025-01-03 10:00:19.440000,3,1,3,468
2500601T.MAP,1,46546,2025-01-03 10:00:20.460000,3,1,3,459
2500700E.MAP,1,41958,2025-01-06 17:00:04.620000,3,1,3,3
2500701C.MAP,1,47199,2025-01-06 11:02:12.160000,3,1,3,3
2500705M.MAP,1,45263,2025-01-07 10:01:56.050000,3,1,3,3969
2500707Y.MAP,1,1659,1938-08-24 10:08:37.910000,3,1,3,3
25007080.MAP,1,1686,1938-08-24 10:08:36.620000,3,1,3,3
2500708P.MAP,1,8715,1938-08-16 10:09:02.800000,3,1,3,4
2500708R.MAP,1,8716,1938-08-16 10:09:01.380000,3,1,3,3
2500708W.MAP,1,47304,2025-01-06 10:00:14.240000,3,1,3,3
2500708X.MAP,1,19134,2025-01-06 10:00:14.280000,3,1,3,3
2500708Z.MAP,1,19136,2025-01-06 10:00:15.430000,3,1,3,3
250070A4.MAP,1,1656,2025-01-06 10:09:50.040000,3,1,3,3
250070A8.MAP,1,1685,2025-01-06 10:09:48.890000,3,1,3,6
250070O1.MAP,1,1656,2025-01-03 08:08:36.950000,3,1,3,4
250070O4.MAP,1,8718,2025-01-06 13:00:06.530000,3,1,3,3
250070QC.MAP,1,48290,2025-01-07 10:21:34.520000,3,1,3,3
25008028.MAP,1,1,2025-01-07 08:00:31.740000,3,1,3,1440
2500805T.MAP,1,43685,2025-01-07 10:08:24.060000,3,1,3,3
2500808R.MAP,1,1693,2023-09-15 08:08:19.940000,3,1,3,3
2500809D.MAP,1,47304,2025-01-07 10:09:58.180000,3,1,3,3
2500809E.MAP,1,19134,2025-01-07 10:09:59.080000,3,1,3,3
250080AP.MAP,1,19851,2038-08-31 08:11:41.050000,3,1,3,3
250080NC.MAP,1,8718,2025-01-07 13:00:08.950000,3,1,3,4
25009027.MAP,1,1,2025-01-08 08:00:08.070000,3,1,3,157
2500904K.MAP,1,43685,2025-01-08 08:06:40.120000,3,1,3,3
2500907P.MAP,1,1659,1938-09-01 08:08:27.770000,3,1,3,4
2500907T.MAP,1,1656,2038-09-01 08:08:37.650000,3,1,3,3
2500907U.MAP,1,1663,1938-09-01 08:08:23.120000,3,1,3,3
2500907X.MAP,1,47304,2025-01-08 10:00:16.720000,3,1,3,3
2500907Y.MAP,1,19134,2025-01-08 10:00:17.470000,3,1,3,4
2500908M.MAP,1,1656,2025-01-08 08:09:28.890000,3,1,3,4
2500909C.MAP,1,19851,2038-09-01 08:10:30.180000,3,1,3,3
250090JL.MAP,1,6850,2025-01-08 08:17:43.860000,3,1,3,11
2501005A.MAP,1,43685,2025-01-09 08:08:06.770000,3,1,3,3
25010078.MAP,1,47304,2025-01-09 10:00:16.530000,3,1,3,3
25010079.MAP,1,19136,2025-01-09 10:00:17.490000,3,1,3,3
2501007A.MAP,1,19134,2025-01-09 10:00:16.560000,3,1,3,6
2501007V.MAP,1,1663,2023-09-19 08:07:51.280000,3,1,3,3
2501007W.MAP,1,1693,2023-09-19 08:07:51.540000,3,1,3,3
2501008W.MAP,1,1656,2025-01-09 08:08:24.740000,3,1,3,5
2501008X.MAP,1,1685,2025-01-09 08:08:23.620000,3,1,3,8
250100AO.MAP,1,19851,2038-09-07 08:10:06.930000,3,1,3,3
250100BP.MAP,1,19851,2025-01-09 08:13:00.870000,3,1,3,3
250100O6.MAP,1,8718,2025-01-09 13:00:07.270000,3,1,3,5
250100QG.MAP,1,41958,2025-01-10 13:00:10.870000,3,1,3,3
250100QK.MAP,1,6405,2025-01-10 13:00:16.130000,3,1,3,9
2501102M.MAP,1,1,2025-01-10 08:01:20.350000,3,1,3,677
2501106K.MAP,1,47304,2025-01-10 10:00:17.080000,3,1,3,3
2501106L.MAP,1,19134,2025-01-10 10:00:17.580000,3,1,3,43
2501107U.MAP,1,1659,2025-01-10 08:08:59.780000,3,1,3,3
2501107V.MAP,1,1686,2025-01-10 08:09:00.470000,3,1,3,3
25011089.MAP,1,8715,1938-09-07 08:09:10.680000,3,1,3,4
2501108L.MAP,1,1686,1938-09-15 08:09:21.210000,3,1,3,3
2501108M.MAP,1,1659,1938-09-15 08:09:20.970000,3,1,3,3
250110NI.MAP,1,1438,2024-12-31 08:09:39.370000,3,1,3,4
250110NJ.MAP,1,41904,2024-12-31 08:09:42.350000,3,1,3,12
250110NK.MAP,1,41905,2024-12-31 08:09:46.210000,3,1,3,24
250110NL.MAP,1,41906,2024-12-31 08:09:48.600000,3,1,3,12
250110NM.MAP,1,1478,2024-12-31 08:10:32.460000,3,1,3,20
250110NV.MAP,1,42215,2024-12-31 08:09:11.650000,3,1,3,120
250110NW.MAP,1,42216,2024-12-31 08:10:15.530000,3,1,3,67
250110NX.MAP,1,7179,2024-12-31 08:10:09.710000,3,1,3,3
250110NY.MAP,1,7180,2024-12-31 08:10:02.160000,3,1,3,12
250110NZ.MAP,1,35162,2024-12-31 08:09:18.210000,3,1,3,3
250110O0.MAP,1,39346,2024-12-31 08:10:02.990000,3,1,3,12
250110O1.MAP,1,7181,2024-12-31 08:09:58.430000,3,1,3,3
250110O4.MAP,1,42347,2024-12-31 08:10:31.990000,3,1,3,3
250110O5.MAP,1,31246,2024-12-31 08:09:08.650000,3,1,3,6
250110O6.MAP,1,31247,2024-12-31 08:10:11.730000,3,1,3,6
250110OD.MAP,1,1603,2024-12-31 08:09:21.270000,3,1,3,10
250110OE.MAP,1,4865,2024-12-31 08:10:30.780000,3,1,3,4
250110OF.MAP,1,45070,2024-12-31 08:10:21.820000,3,1,3,3
250110OH.MAP,1,46376,2024-12-31 08:10:25.040000,3,1,3,4
250110OM.MAP,1,1477,2024-12-17 08:05:41.540000,3,1,3,13
250110OQ.MAP,1,7179,2024-12-17 08:06:59.060000,3,1,3,3
250110OR.MAP,1,35162,2024-12-17 08:06:48.360000,3,1,3,3
250110OV.MAP,1,1477,2024-12-18 08:07:26.110000,3,1,3,7
25013041.MAP,1,48525,2024-11-27 16:51:17.450000,3,1,3,18
25015053.MAP,1,47933,2024-06-29 16:20:13.510000,3,1,3,132
25015054.MAP,1,47934,2024-06-29 16:20:14.400000,3,1,3,81
25015055.MAP,1,47935,2024-06-29 16:20:15.200000,3,1,3,7725
25015056.MAP,1,47936,2024-06-29 16:20:16.140000,3,1,3,25451
25015067.MAP,1,43685,2025-01-11 08:07:36.380000,3,1,3,3
2501506O.MAP,1,8717,1938-09-15 17:01:23.540000,3,1,3,4
2501507G.MAP,1,48563,2025-01-15 10:07:11.760000,3,1,3,3
2501507H.MAP,1,48290,2025-01-15 10:07:12.730000,3,1,3,3
2501507I.MAP,1,48294,2025-01-15 10:07:13.700000,3,1,3,3
25016036.MAP,1,1656,2038-10-06 08:03:18.280000,3,1,3,3
2501603Q.MAP,1,1656,2038-09-23 08:03:39.720000,3,1,3,3
2501603S.MAP,1,1686,1938-09-23 08:03:45.400000,3,1,3,3
25016067.MAP,1,19851,2038-10-06 08:07:38.970000,3,1,3,3
25017017.MAP,1,8715,1938-10-06 08:01:44.180000,3,1,3,4
25001018.MAP,1,42541,2024-12-31 08:00:35.230000,2,1,2,2
25001019.MAP,1,41266,2023-09-11 10:15:56.630000,2,1,2,134
2500101J.MAP,1,46153,2024-12-31 08:00:14.570000,2,1,2,161
2500101K.MAP,1,1,2024-12-31 08:00:44.300000,2,1,2,327
2500101L.MAP,1,45842,2024-12-31 08:00:28.260000,2,1,2,21
2500101M.MAP,1,45299,2024-12-31 08:00:26.280000,2,1,2,2
2500101O.MAP,1,45290,2024-12-31 08:00:20.470000,2,1,2,2
2500101P.MAP,1,40039,2024-12-31 08:00:35.980000,2,1,2,33
2500101Q.MAP,1,40038,2024-12-31 08:00:40.740000,2,1,2,2
2500101R.MAP,1,40030,2024-12-31 08:00:38.200000,2,1,2,244
2500101S.MAP,1,40031,2024-12-31 08:00:39.090000,2,1,2,3456
25001036.MAP,1,44617,2023-09-11 09:58:55.450000,2,1,2,2
25001037.MAP,1,44616,2023-09-11 09:58:56.170000,2,1,2,2
25001038.MAP,1,45457,2023-09-11 09:58:56.400000,2,1,2,2
25001039.MAP,1,45470,2023-09-11 09:58:57.340000,2,1,2,2
2500103A.MAP,1,9433,2023-09-11 09:58:58.680000,2,1,2,2
2500103B.MAP,1,9431,2023-09-11 09:58:59.750000,2,1,2,2
2500103Q.MAP,1,40793,2023-09-11 09:59:44.940000,2,1,2,79968
25001055.MAP,1,8978,2024-12-31 08:06:52.140000,2,1,2,132664
2500105A.MAP,1,8977,2024-12-31 08:06:52.390000,2,1,2,61808
2500106H.MAP,1,45263,2025-01-01 08:06:24.910000,2,1,2,2022
2500107F.MAP,1,1596,2024-12-31 08:09:02.460000,2,1,2,230
2500107G.MAP,1,1595,2024-12-31 08:09:03.300000,2,1,2,230
2500107Q.MAP,1,39345,2024-12-31 08:09:23.760000,2,1,2,8
2500108F.MAP,1,19425,2024-12-31 08:09:04.360000,2,1,2,4
2500109Y.MAP,1,45323,2024-12-31 08:09:14.170000,2,1,2,50003
2500109Z.MAP,1,8717,1938-07-30 08:12:06.250000,2,1,2,3
250010A0.MAP,1,8718,2038-07-30 08:12:05.760000,2,1,2,2
250010A1.MAP,1,8715,1938-07-30 08:12:05.510000,2,1,2,2
250010A5.MAP,1,1663,1938-08-04 08:12:29.300000,2,1,2,2
250010AA.MAP,1,1656,2038-08-04 08:12:24.060000,2,1,2,2
250010AH.MAP,1,19136,2024-12-31 15:00:07.670000,2,1,2,2
250010AI.MAP,1,1662,2023-09-11 10:58:07.210000,2,1,2,4
250010AM.MAP,1,1693,2023-09-11 08:12:57.500000,2,1,2,2
250010AN.MAP,1,1663,2023-09-11 08:12:55.950000,2,1,2,2
250010CU.MAP,1,41959,2023-09-11 08:17:44.480000,2,1,2,4114
250010CV.MAP,1,44726,2025-01-02 08:14:13.810000,2,1,2,2
250010DH.MAP,1,46429,2024-12-31 08:18:43.400000,2,1,2,2
250010DY.MAP,1,1340,2024-12-31 08:19:12.650000,2,1,2,94271
250010E0.MAP,1,20411,2024-12-31 08:15:05.680000,2,1,2,2
250010E1.MAP,1,46431,2024-12-31 08:20:22.600000,2,1,2,2
250010EM.MAP,1,44728,2025-01-02 08:15:10.940000,2,1,2,2
250010JM.MAP,1,44938,2024-12-31 08:24:40.370000,2,1,2,11
250010KI.MAP,1,20163,2024-12-31 08:25:35.520000,2,1,2,3
250010MV.MAP,1,6608,2024-12-31 08:25:11.730000,2,1,2,714
250010MW.MAP,1,10804,2024-12-31 08:26:38.250000,2,1,2,2
250010MX.MAP,1,10790,2024-12-31 08:25:47,2,1,2,9
250010N9.MAP,1,9468,2024-12-31 08:26:25.170000,2,1,2,2
250010NA.MAP,1,6223,2024-12-31 08:27:19.900000,2,1,2,9
250010NB.MAP,1,10789,2024-12-31 08:25:42.590000,2,1,2,30
250010NC.MAP,1,6355,2024-12-31 08:26:18.050000,2,1,2,26
250010ND.MAP,1,41323,2024-12-31 08:27:51.430000,2,1,2,2
250010NL.MAP,1,10403,2024-12-31 08:27:08.410000,2,1,2,2
250010NM.MAP,1,10788,2024-12-31 08:25:47.270000,2,1,2,51
250010NN.MAP,1,35138,2024-12-31 08:26:49.260000,2,1,2,2
250010NP.MAP,1,38277,2024-12-31 08:25:30.480000,2,1,2,240
250010NY.MAP,1,30090,2024-12-31 08:25:50.740000,2,1,2,230
250010O0.MAP,1,6850,2024-12-31 08:27:05.380000,2,1,2,4
250010O1.MAP,1,29026,2024-12-31 08:25:10.340000,2,1,2,253
250010OF.MAP,1,44356,2024-12-31 08:28:10.170000,2,1,2,4768
250010OJ.MAP,1,44195,2025-01-01 08:25:56.940000,2,1,2,2
250010OK.MAP,1,39497,2024-12-31 08:25:55.710000,2,1,2,4
2500200Y.MAP,1,43685,2025-01-01 13:00:02.380000,2,1,2,2
2500200Z.MAP,1,42400,2024-12-31 08:09:32.390000,2,1,2,2
25002010.MAP,1,42450,2024-12-31 08:11:58.620000,2,1,2,2
25002012.MAP,1,48094,2024-12-31 08:12:00.350000,2,1,2,4
25002013.MAP,1,48093,2024-12-31 08:12:00.100000,2,1,2,4
25002015.MAP,1,46361,2024-12-31 08:12:01.290000,2,1,2,2
25002018.MAP,1,8715,1938-08-04 08:00:14.170000,2,1,2,2
2500201N.MAP,1,8716,1938-08-04 08:00:17.180000,2,1,2,2
2500201O.MAP,1,8718,2038-08-04 08:00:16.690000,2,1,2,3
25002023.MAP,1,44963,2024-12-31 10:00:20.560000,2,1,2,322
25002024.MAP,1,46545,2024-12-31 10:00:21.200000,2,1,2,306
25002025.MAP,1,46546,2024-12-31 10:00:22.330000,2,1,2,306
2500203K.MAP,1,46364,2024-12-31 13:00:02.900000,2,1,2,2
2500203L.MAP,1,46363,2024-12-31 13:00:03.150000,2,1,2,2
2500204C.MAP,1,47305,2025-01-02 15:00:05.710000,2,1,2,2
2500204D.MAP,1,1642,2025-01-02 15:00:05.960000,2,1,2,26
2500204E.MAP,1,1644,2025-01-02 15:00:06.430000,2,1,2,2
2500204W.MAP,1,41958,2025-01-02 17:00:04.280000,2,1,2,2
2500204Y.MAP,1,1650,2025-01-02 17:00:04.330000,2,1,2,2
2500204Z.MAP,1,45065,2024-12-31 17:00:08.260000,2,1,2,66
2500300P.MAP,1,41266,2023-09-12 10:16:50.690000,2,1,2,134
2500303Z.MAP,1,40793,2023-09-12 09:58:10,2,1,2,79968
25003041.MAP,1,9433,2023-09-12 09:57:22.240000,2,1,2,2
25003042.MAP,1,9431,2023-09-12 09:57:21.980000,2,1,2,2
25003043.MAP,1,44617,2023-09-12 09:57:19.580000,2,1,2,2
25003044.MAP,1,44616,2023-09-12 09:57:19.830000,2,1,2,2
25003045.MAP,1,45263,2025-01-03 08:01:48.350000,2,1,2,2022
25003048.MAP,1,45462,2025-01-03 08:03:14.350000,2,1,2,2
2500305C.MAP,1,35114,2024-12-31 08:02:30.100000,2,1,2,3
2500306X.MAP,1,1595,2025-01-02 08:06:54.230000,2,1,2,230
2500306Y.MAP,1,1438,2025-01-02 08:07:29.410000,2,1,2,2
25003074.MAP,1,7181,2025-01-02 08:07:15.370000,2,1,2,2
25003075.MAP,1,35162,2025-01-02 08:07:11.640000,2,1,2,2
25003076.MAP,1,39346,2025-01-02 08:07:03.210000,2,1,2,8
25003077.MAP,1,7179,2025-01-02 08:07:02.270000,2,1,2,2
25003079.MAP,1,45070,2025-01-02 08:06:58.590000,2,1,2,2
2500307M.MAP,1,1477,2025-01-02 08:07:19.170000,2,1,2,4
2500307N.MAP,1,42216,2025-01-02 08:07:03.440000,2,1,2,103
2500307O.MAP,1,1478,2025-01-02 08:07:25.510000,2,1,2,38
2500307S.MAP,1,45323,2025-01-02 08:07:05.420000,2,1,2,5149
25003084.MAP,1,1659,1938-08-10 08:08:43.540000,2,1,2,2
2500308F.MAP,1,1693,1938-08-10 08:08:46.490000,2,1,2,2
2500308I.MAP,1,1686,1938-08-10 08:08:37.720000,2,1,2,2
25003093.MAP,1,33274,2025-01-02 15:00:06.850000,2,1,2,2
25003099.MAP,1,1662,2023-09-12 10:59:21.930000,2,1,2,4
2500309A.MAP,1,1685,2023-09-12 08:09:18.940000,2,1,2,2
2500309J.MAP,1,1693,2023-09-12 08:09:20.890000,2,1,2,2
250030A7.MAP,1,1685,2025-01-02 08:09:52.670000,2,1,2,4
250030B5.MAP,1,46431,2038-08-10 08:11:54.220000,2,1,2,2
250030BV.MAP,1,1288,2023-09-12 14:28:30.380000,2,1,2,2
250030BW.MAP,1,41959,2023-09-12 08:13:10.120000,2,1,2,4120
250030BY.MAP,1,44726,2025-01-03 08:12:06.180000,2,1,2,2
250030CJ.MAP,1,20411,2025-01-02 08:12:44.820000,2,1,2,2
250030CK.MAP,1,19851,2025-01-02 08:14:06.540000,2,1,2,5
250030CS.MAP,1,44728,2025-01-03 08:12:47.820000,2,1,2,2
2500310M.MAP,1,46987,2025-01-01 15:33:44.490000,2,1,2,2
250031DC.MAP,1,41648,2025-01-02 13:00:16.370000,2,1,2,2
250031DG.MAP,1,41649,2025-01-03 17:00:20.040000,2,1,2,6
250031DO.MAP,1,45299,2025-01-02 08:00:55.600000,2,1,2,2
250031DP.MAP,1,41266,2025-01-02 08:00:51.120000,2,1,2,285
250031DQ.MAP,1,45842,2025-01-02 08:00:57.810000,2,1,2,20
250031DV.MAP,1,45290,2025-01-02 08:00:56.070000,2,1,2,2
250031DW.MAP,1,40059,2025-01-02 08:00:58.880000,2,1,2,2
250031EP.MAP,1,19304,2025-01-03 17:01:21.670000,2,1,2,2
250031FH.MAP,1,46987,2023-12-30 09:02:52.500000,2,1,2,3233
2500401X.MAP,1,42541,2025-01-03 08:00:36.720000,2,1,2,2
2500401Y.MAP,1,42135,2025-01-03 08:00:18.800000,2,1,2,2
25004020.MAP,1,41266,2023-09-13 10:17:45.440000,2,1,2,134
25004029.MAP,1,41266,2025-01-03 08:00:13.460000,2,1,2,285
2500402B.MAP,1,45299,2025-01-03 08:00:09.810000,2,1,2,2
2500402C.MAP,1,45290,2025-01-03 08:00:14.310000,2,1,2,2
2500403S.MAP,1,44616,2023-09-13 09:58:53.270000,2,1,2,2
2500403T.MAP,1,44617,2023-09-13 09:58:53.020000,2,1,2,2
2500403U.MAP,1,45457,2023-09-13 09:58:54.220000,2,1,2,2
2500403V.MAP,1,9433,2023-09-13 09:58:55.830000,2,1,2,2
25004046.MAP,1,40793,2023-09-13 09:59:43.180000,2,1,2,79968
2500404W.MAP,1,43685,2025-01-03 08:08:27.230000,2,1,2,2
2500405A.MAP,1,42400,2025-01-02 08:08:26.010000,2,1,2,4
2500405B.MAP,1,1596,2025-01-03 08:05:54.260000,2,1,2,230
2500405D.MAP,1,1438,2025-01-03 08:06:14.270000,2,1,2,2
2500405X.MAP,1,19425,2025-01-03 08:06:06.030000,2,1,2,4
2500405Y.MAP,1,1477,2025-01-03 08:06:07.550000,2,1,2,7
2500405Z.MAP,1,1478,2025-01-03 08:06:04.770000,2,1,2,36
25004060.MAP,1,1603,2025-01-03 08:05:55.570000,2,1,2,15
25004061.MAP,1,4865,2025-01-03 08:06:00.650000,2,1,2,4
25004062.MAP,1,44922,2025-01-03 08:05:58.210000,2,1,2,4
2500406P.MAP,1,8718,2038-08-10 08:07:22.190000,2,1,2,2
2500406Q.MAP,1,8716,1938-08-10 08:07:20.240000,2,1,2,2
2500407C.MAP,1,1663,1938-08-16 08:07:30.680000,2,1,2,2
2500407X.MAP,1,19132,2025-01-03 17:01:28,2,1,2,2
2500407Y.MAP,1,19136,2025-01-03 17:01:21.160000,2,1,2,2
25004088.MAP,1,1662,2023-09-13 11:00:30.690000,2,1,2,16
2500408A.MAP,1,1693,2023-09-13 08:08:12.200000,2,1,2,2
2500408Z.MAP,1,1685,2025-01-03 08:08:41.210000,2,1,2,7
25004090.MAP,1,1659,2025-01-03 08:08:41.550000,2,1,2,3
2500409W.MAP,1,46431,2038-08-16 08:11:08.530000,2,1,2,2
250040AH.MAP,1,46429,2038-08-16 08:11:45.700000,2,1,2,2
250040AQ.MAP,1,1288,2023-09-13 14:33:00.090000,2,1,2,4
250040AS.MAP,1,44726,2025-01-06 08:08:53.930000,2,1,2,2
250040BA.MAP,1,11025,2025-01-03 08:09:20.030000,2,1,2,5759
250040BP.MAP,1,20411,2025-01-03 08:09:36.680000,2,1,2,2
250040BQ.MAP,1,46431,2025-01-03 08:13:53.850000,2,1,2,2
250040BY.MAP,1,44728,2025-01-06 08:09:38.690000,2,1,2,2
250040BZ.MAP,1,12104,2025-01-03 08:11:57.030000,2,1,2,2
250040ID.MAP,1,20163,2025-01-03 08:19:06.630000,2,1,2,3
250040JL.MAP,1,10806,2025-01-03 08:19:15.400000,2,1,2,2
250040JM.MAP,1,10790,2025-01-03 08:19:14.250000,2,1,2,10
250040JN.MAP,1,9468,2025-01-03 08:19:02.560000,2,1,2,2
250040JO.MAP,1,6223,2025-01-03 08:18:59.480000,2,1,2,8
250040JX.MAP,1,10789,2025-01-03 08:19:14,2,1,2,25
250040JY.MAP,1,6355,2025-01-03 08:18:55.940000,2,1,2,70
250040JZ.MAP,1,41322,2025-01-03 08:19:50.820000,2,1,2,2
250040K3.MAP,1,10788,2025-01-03 08:18:15.090000,2,1,2,8249
250040K4.MAP,1,10403,2025-01-03 08:18:41.840000,2,1,2,2
250040K6.MAP,1,35138,2025-01-03 08:18:29.230000,2,1,2,2
250040K7.MAP,1,30090,2025-01-03 08:17:44.140000,2,1,2,230
250040K9.MAP,1,6850,2025-01-03 08:18:11.670000,2,1,2,4
250040KI.MAP,1,44356,2025-01-03 08:19:23.240000,2,1,2,4770
250040KK.MAP,1,39497,2025-01-03 08:18:50.880000,2,1,2,4
2500601X.MAP,1,48490,2024-12-31 15:42:06.660000,2,1,2,2
2500601Y.MAP,1,48491,2024-12-31 15:42:15.620000,2,1,2,2
2500602Y.MAP,1,8718,2025-01-03 13:00:08.640000,2,1,2,4
2500700I.MAP,1,45065,2025-01-03 17:00:07.900000,2,1,2,66
2500700S.MAP,1,46713,2025-01-07 09:26:51.660000,2,1,2,3
25007034.MAP,1,1,2025-01-06 10:00:25.840000,2,1,2,2
25007035.MAP,1,42541,2025-01-06 10:00:31.130000,2,1,2,2
2500703C.MAP,1,41266,2025-01-06 10:00:11.580000,2,1,2,286
2500703D.MAP,1,45842,2025-01-06 10:00:20.020000,2,1,2,22
2500703E.MAP,1,40059,2025-01-06 10:00:06.720000,2,1,2,2
2500704T.MAP,1,40793,2023-09-14 10:01:26.110000,2,1,2,79968
2500704U.MAP,1,9431,2023-09-14 10:00:36.790000,2,1,2,2
2500704V.MAP,1,9433,2023-09-14 10:00:37.710000,2,1,2,2
2500704W.MAP,1,45470,2023-09-14 10:00:36.320000,2,1,2,2
2500704X.MAP,1,44616,2023-09-14 10:00:34.950000,2,1,2,2
25007054.MAP,1,46174,1938-08-16 08:05:02.600000,2,1,2,2
2500705L.MAP,1,46174,1938-08-24 10:05:15.410000,2,1,2,2
2500705Q.MAP,1,43685,2025-01-06 13:00:05.730000,2,1,2,2
2500706C.MAP,1,1438,2025-01-06 10:06:33.070000,2,1,2,3
2500706E.MAP,1,35162,2025-01-06 10:06:35.030000,2,1,2,2
2500706I.MAP,1,39346,2025-01-06 10:06:26.270000,2,1,2,8
2500706J.MAP,1,31246,2025-01-06 10:06:12.690000,2,1,2,4
2500706K.MAP,1,7179,2025-01-06 10:06:23.220000,2,1,2,2
25007072.MAP,1,42216,2025-01-06 10:06:22.010000,2,1,2,166
25007073.MAP,1,44922,2025-01-06 10:06:17.900000,2,1,2,2
25007075.MAP,1,4865,2025-01-06 10:06:06.960000,2,1,2,3
25007076.MAP,1,1478,2025-01-06 10:06:38.770000,2,1,2,22
25007077.MAP,1,1477,2025-01-06 10:06:31.030000,2,1,2,4
25007078.MAP,1,42347,2025-01-06 10:06:17.650000,2,1,2,6
2500707T.MAP,1,45323,2025-01-06 10:06:08.680000,2,1,2,28186
25007083.MAP,1,1656,2038-08-24 10:08:53.430000,2,1,2,2
25007085.MAP,1,1693,1938-08-24 10:08:54.130000,2,1,2,2
25007086.MAP,1,1685,1938-08-24 10:08:34.340000,2,1,2,3
2500708Q.MAP,1,8718,2038-08-16 10:09:06.690000,2,1,2,3
25007090.MAP,1,19304,2025-01-06 15:00:08.680000,2,1,2,2
2500709B.MAP,1,1662,2023-09-14 14:15:52.080000,2,1,2,24
2500709D.MAP,1,1663,2023-09-14 10:09:21.380000,2,1,2,2
2500709F.MAP,1,1693,2023-09-14 10:09:23.530000,2,1,2,2
250070AG.MAP,1,19851,2038-08-24 10:10:27.260000,2,1,2,2
250070BE.MAP,1,46060,2025-01-03 08:00:17.020000,2,1,2,14
250070BF.MAP,1,46063,2025-01-03 08:00:17.850000,2,1,2,14
250070BG.MAP,1,46062,2025-01-03 08:00:18.560000,2,1,2,14
250070BO.MAP,1,1288,2023-09-14 13:33:42.080000,2,1,2,6
250070BP.MAP,1,41959,2023-09-14 10:13:07.790000,2,1,2,4122
250070BQ.MAP,1,44726,2025-01-07 10:12:01.100000,2,1,2,2
250070C6.MAP,1,46429,2025-01-06 10:13:46.910000,2,1,2,2
250070CC.MAP,1,19851,2025-01-06 10:14:05.980000,2,1,2,2
250070I7.MAP,1,20163,2025-01-06 10:18:43.640000,2,1,2,3
250070K5.MAP,1,6413,2025-01-06 10:17:50.020000,2,1,2,4
250070K6.MAP,1,34461,2025-01-06 10:17:11.330000,2,1,2,2
250070K8.MAP,1,6576,2025-01-06 10:17:12.550000,2,1,2,10
250070KA.MAP,1,10806,2025-01-06 10:18:50.500000,2,1,2,2
250070KB.MAP,1,10804,2025-01-06 10:18:53.360000,2,1,2,2
250070KK.MAP,1,9468,2025-01-06 10:18:32.270000,2,1,2,2
250070KL.MAP,1,6223,2025-01-06 10:18:30.760000,2,1,2,7
250070KM.MAP,1,6355,2025-01-06 10:18:27.730000,2,1,2,70
250070KN.MAP,1,10790,2025-01-06 10:18:38.910000,2,1,2,25
250070KO.MAP,1,10403,2025-01-06 10:18:12.060000,2,1,2,2
250070KW.MAP,1,35138,2025-01-06 10:18:03.900000,2,1,2,2
250070KX.MAP,1,10789,2025-01-06 10:18:47.230000,2,1,2,24
250070KZ.MAP,1,10788,2025-01-06 10:18:10.400000,2,1,2,126
250070L0.MAP,1,38277,2025-01-06 10:18:41.570000,2,1,2,13
250070L2.MAP,1,41323,2025-01-06 10:19:27.100000,2,1,2,2
250070L9.MAP,1,6850,2025-01-06 10:17:25.710000,2,1,2,4
250070LE.MAP,1,44356,2025-01-06 10:19:57.280000,2,1,2,4770
250070LF.MAP,1,44198,2025-01-07 10:18:55.470000,2,1,2,2
250070LG.MAP,1,44195,2025-01-07 10:18:54.750000,2,1,2,2
250070LH.MAP,1,39497,2025-01-06 10:18:56.210000,2,1,2,4
250070M5.MAP,1,10790,2023-09-14 14:01:10.540000,2,1,2,16
250070P4.MAP,1,33274,2025-01-07 10:10:00.100000,2,1,2,2
250070PV.MAP,1,1650,2025-01-07 13:00:09.540000,2,1,2,3
250070RA.MAP,1,47199,2025-01-07 11:02:24.140000,2,1,2,2
25008017.MAP,1,46713,2025-01-08 05:31:59.990000,2,1,2,3
2500801W.MAP,1,42541,2025-01-07 08:00:34.020000,2,1,2,2
2500801X.MAP,1,40059,2023-09-15 14:06:47.750000,2,1,2,2
25008025.MAP,1,41266,2025-01-07 08:00:10.100000,2,1,2,286
25008026.MAP,1,45299,2025-01-07 08:00:09.630000,2,1,2,2
25008027.MAP,1,45290,2025-01-07 08:00:09.380000,2,1,2,2
25008029.MAP,1,45842,2025-01-07 08:00:18.130000,2,1,2,37
2500802B.MAP,1,40059,2025-01-07 08:00:34.730000,2,1,2,2
2500802F.MAP,1,41266,2023-09-15 14:06:23.880000,2,1,2,134
2500803N.MAP,1,40793,2023-09-15 10:03:37.500000,2,1,2,79969
2500803O.MAP,1,9431,2023-09-15 10:02:36.580000,2,1,2,2
2500803P.MAP,1,9433,2023-09-15 10:02:36.830000,2,1,2,2
2500803Q.MAP,1,45470,2023-09-15 10:02:34.660000,2,1,2,2
2500803R.MAP,1,44617,2023-09-15 10:02:33.360000,2,1,2,2
2500803S.MAP,1,44616,2023-09-15 10:02:34.080000,2,1,2,2
25008056.MAP,1,45263,2025-01-08 08:03:16.870000,2,1,2,2022
2500806D.MAP,1,31247,2025-01-07 08:06:20.890000,2,1,2,4
2500806E.MAP,1,7179,2025-01-07 08:06:14.690000,2,1,2,2
2500806R.MAP,1,42215,2025-01-07 08:06:23.800000,2,1,2,147
2500806S.MAP,1,1478,2025-01-07 08:06:31.160000,2,1,2,31
25008075.MAP,1,8717,1938-08-24 08:07:34.430000,2,1,2,2
25008076.MAP,1,8715,1938-08-24 08:07:34.900000,2,1,2,4
25008077.MAP,1,8716,1938-08-24 08:07:33.700000,2,1,2,2
2500807O.MAP,1,1656,2038-08-31 08:07:40.710000,2,1,2,2
2500807Q.MAP,1,1693,1938-08-31 08:07:49.160000,2,1,2,3
2500807S.MAP,1,1685,1938-08-31 08:07:40.450000,2,1,2,2
2500808B.MAP,1,1656,2025-01-07 08:08:10.910000,2,1,2,3
2500808C.MAP,1,1686,2025-01-07 08:08:11.190000,2,1,2,4
2500808O.MAP,1,1662,2023-09-15 14:17:51.970000,2,1,2,4
250080A2.MAP,1,41959,2038-08-31 08:09:45.140000,2,1,2,2693
250080BA.MAP,1,12104,2025-01-07 08:11:49.050000,2,1,2,2
250080BG.MAP,1,1288,2023-09-15 13:39:04.860000,2,1,2,4
250080BU.MAP,1,46429,2025-01-07 08:14:13.290000,2,1,2,2
250080C1.MAP,1,11025,2025-01-07 08:09:00.600000,2,1,2,2456
250080C9.MAP,1,46431,2025-01-07 08:14:35.910000,2,1,2,2
250080H4.MAP,1,44938,2025-01-07 08:15:56.370000,2,1,2,14
250080HJ.MAP,1,6413,2025-01-07 08:16:36.660000,2,1,2,2
250080JN.MAP,1,10806,2025-01-07 08:16:52.300000,2,1,2,2
250080JO.MAP,1,6223,2025-01-07 08:17:58,2,1,2,7
250080JX.MAP,1,6355,2025-01-07 08:17:46.990000,2,1,2,107
250080JY.MAP,1,10403,2025-01-07 08:17:27.290000,2,1,2,2
250080JZ.MAP,1,10789,2025-01-07 08:16:54.290000,2,1,2,20
250080K0.MAP,1,35138,2025-01-07 08:17:17.740000,2,1,2,2
250080K1.MAP,1,10788,2025-01-07 08:17:30.350000,2,1,2,103
250080KA.MAP,1,38277,2025-01-07 08:16:47.830000,2,1,2,15
250080KC.MAP,1,30090,2025-01-07 08:16:58.070000,2,1,2,230
250080KD.MAP,1,41322,2025-01-07 08:19:04.120000,2,1,2,2
250080KE.MAP,1,6850,2025-01-07 08:19:38.670000,2,1,2,14
250080KO.MAP,1,44356,2025-01-07 08:18:59.230000,2,1,2,4771
250080KP.MAP,1,39497,2025-01-07 08:17:40.050000,2,1,2,4
250080KQ.MAP,1,34461,2025-01-07 08:16:31.180000,2,1,2,2
250080KS.MAP,1,6575,2025-01-07 08:16:34.830000,2,1,2,3
250080KT.MAP,1,6576,2025-01-07 08:16:37.620000,2,1,2,13
250080NE.MAP,1,1719,2025-01-08 13:00:11.650000,2,1,2,8
250080QI.MAP,1,47199,2025-01-08 11:02:18.910000,2,1,2,2
250080QN.MAP,1,48294,2025-01-08 10:07:11.870000,2,1,2,2
2500901U.MAP,1,42135,2025-01-08 08:00:21.970000,2,1,2,2
2500901X.MAP,1,41266,2023-09-18 14:03:28.800000,2,1,2,134
25009025.MAP,1,46153,2025-01-08 08:00:09.280000,2,1,2,161
25009026.MAP,1,41266,2025-01-08 08:00:09.610000,2,1,2,286
25009028.MAP,1,45299,2025-01-08 08:00:13.530000,2,1,2,2
25009029.MAP,1,45290,2025-01-08 08:00:11.140000,2,1,2,2
2500902A.MAP,1,40059,2025-01-08 08:00:40.400000,2,1,2,2
2500903B.MAP,1,44617,2023-09-18 09:50:56.050000,2,1,2,2
2500903D.MAP,1,45470,2023-09-18 09:50:57.320000,2,1,2,2
2500903Y.MAP,1,40793,2023-09-18 09:51:45.390000,2,1,2,79969
25009048.MAP,1,45263,2025-01-09 08:01:45.380000,2,1,2,2022
25009058.MAP,1,1596,2025-01-08 08:04:57.390000,2,1,2,230
2500905F.MAP,1,39346,2025-01-08 08:05:24.030000,2,1,2,8
2500905G.MAP,1,31246,2025-01-08 08:05:21.780000,2,1,2,4
2500905H.MAP,1,31247,2025-01-08 08:05:13.450000,2,1,2,4
2500905I.MAP,1,7179,2025-01-08 08:05:10.670000,2,1,2,2
2500905K.MAP,1,42216,2025-01-08 08:05:07.780000,2,1,2,57
2500905Y.MAP,1,45070,2025-01-08 08:05:17.830000,2,1,2,2
2500905Z.MAP,1,1438,2025-01-08 08:05:40.030000,2,1,2,2
25009061.MAP,1,1603,2025-01-08 08:05:09.220000,2,1,2,13
25009062.MAP,1,19425,2025-01-08 08:05:38.480000,2,1,2,4
25009063.MAP,1,1478,2025-01-08 08:05:37.230000,2,1,2,23
2500907L.MAP,1,45323,2025-01-08 08:05:06.120000,2,1,2,61245
2500907M.MAP,1,8717,1938-08-31 08:08:15.600000,2,1,2,2
2500907N.MAP,1,8715,1938-08-31 08:08:16.080000,2,1,2,4
2500907Q.MAP,1,1686,1938-09-01 08:08:33.770000,2,1,2,2
2500907V.MAP,1,1693,1938-09-01 08:08:41.200000,2,1,2,2
2500907W.MAP,1,1685,1938-09-01 08:08:42.120000,2,1,2,2
2500907Z.MAP,1,19132,2025-01-08 15:00:08.550000,2,1,2,2
25009080.MAP,1,33274,2025-01-08 15:00:09.020000,2,1,2,2
25009081.MAP,1,1662,2023-09-18 14:13:24.790000,2,1,2,4
25009082.MAP,1,1693,2023-09-18 08:08:58.530000,2,1,2,2
2500908N.MAP,1,1686,2025-01-08 08:09:31.830000,2,1,2,2
2500908O.MAP,1,1685,2025-01-08 08:09:30.930000,2,1,2,4
2500909O.MAP,1,46429,2038-09-01 08:11:37.320000,2,1,2,2
2500909Y.MAP,1,1288,2023-09-18 13:54:08.700000,2,1,2,4
250090AM.MAP,1,11025,2025-01-08 08:09:42.490000,2,1,2,2456
250090AU.MAP,1,46431,2025-01-08 08:13:10.470000,2,1,2,2
250090B7.MAP,1,44728,2025-01-09 08:09:52.590000,2,1,2,2
250090B8.MAP,1,12104,2025-01-08 08:11:44.570000,2,1,2,2
250090G2.MAP,1,44938,2025-01-08 08:16:05.740000,2,1,2,139
250090H0.MAP,1,20163,2025-01-08 08:17:02.520000,2,1,2,3
250090IR.MAP,1,34461,2025-01-08 08:16:43.270000,2,1,2,2
250090IT.MAP,1,6576,2025-01-08 08:16:44.520000,2,1,2,16
250090IV.MAP,1,10806,2025-01-08 08:16:53.740000,2,1,2,2
250090IW.MAP,1,10804,2025-01-08 08:16:56.070000,2,1,2,2
250090IY.MAP,1,10790,2025-01-08 08:16:56.340000,2,1,2,12
250090IZ.MAP,1,6223,2025-01-08 08:18:13.180000,2,1,2,7
250090J7.MAP,1,10789,2025-01-08 08:16:59.040000,2,1,2,22
250090J8.MAP,1,6355,2025-01-08 08:18:03.950000,2,1,2,63
250090J9.MAP,1,41323,2025-01-08 08:18:50.310000,2,1,2,2
250090JA.MAP,1,10403,2025-01-08 08:18:01.410000,2,1,2,2
250090JB.MAP,1,35138,2025-01-08 08:17:53.530000,2,1,2,2
250090JJ.MAP,1,30090,2025-01-08 08:17:52.310000,2,1,2,231
250090JW.MAP,1,44356,2025-01-08 08:19:18.150000,2,1,2,4773
250090JX.MAP,1,44198,2025-01-09 08:16:52.150000,2,1,2,2
250090JY.MAP,1,39497,2025-01-08 08:17:09.610000,2,1,2,4
250090KP.MAP,1,47280,2025-01-08 17:19:13.350000,2,1,2,6
250090NF.MAP,1,8718,2025-01-08 13:00:09.400000,2,1,2,3
250090PL.MAP,1,1650,2025-01-09 13:00:12.420000,2,1,2,2
250090RQ.MAP,1,47199,2025-01-09 11:02:48.610000,2,1,2,2
25010018.MAP,1,46713,2025-01-10 05:32:00.180000,2,1,2,3
25010020.MAP,1,42135,2025-01-09 08:00:15.980000,2,1,2,2
2501002C.MAP,1,46153,2025-01-09 08:00:08.680000,2,1,2,161
2501002D.MAP,1,41266,2025-01-09 08:00:11.340000,2,1,2,286
2501002E.MAP,1,1,2025-01-09 08:00:27.760000,2,1,2,1198
2501002F.MAP,1,45290,2025-01-09 08:00:09.100000,2,1,2,2
2501002G.MAP,1,45299,2025-01-09 08:00:10.010000,2,1,2,2
2501002H.MAP,1,45842,2025-01-09 08:00:18.020000,2,1,2,39
2501002I.MAP,1,42541,2025-01-09 08:00:33.010000,2,1,2,2
25010046.MAP,1,40793,2023-09-19 09:53:27.520000,2,1,2,79969
25010047.MAP,1,9433,2023-09-19 09:52:40.090000,2,1,2,2
25010048.MAP,1,9431,2023-09-19 09:52:40.780000,2,1,2,2
25010049.MAP,1,45470,2023-09-19 09:52:39.170000,2,1,2,2
2501004A.MAP,1,44616,2023-09-19 09:52:37.300000,2,1,2,2
2501004B.MAP,1,44617,2023-09-19 09:52:37.050000,2,1,2,2
2501004J.MAP,1,45263,2025-01-10 08:02:03.920000,2,1,2,2022
2501005T.MAP,1,1596,2025-01-09 08:06:08.560000,2,1,2,230
25010061.MAP,1,7181,2025-01-09 08:06:12.200000,2,1,2,2
25010062.MAP,1,7180,2025-01-09 08:06:12.920000,2,1,2,8
25010063.MAP,1,39346,2025-01-09 08:06:10.700000,2,1,2,8
25010064.MAP,1,31246,2025-01-09 08:06:14.390000,2,1,2,4
25010065.MAP,1,7179,2025-01-09 08:06:16.110000,2,1,2,2
2501006D.MAP,1,42215,2025-01-09 08:06:23.400000,2,1,2,102
2501006G.MAP,1,19425,2025-01-09 08:06:26.380000,2,1,2,4
2501006M.MAP,1,1478,2025-01-09 08:06:26.130000,2,1,2,24
2501006N.MAP,1,4865,2025-01-09 08:06:22.180000,2,1,2,4
25010073.MAP,1,8715,1938-09-01 08:07:35.540000,2,1,2,3
25010075.MAP,1,8718,2038-09-01 08:07:36.720000,2,1,2,2
2501007N.MAP,1,19304,2025-01-09 10:00:17.750000,2,1,2,3
2501007P.MAP,1,1662,2023-09-19 14:14:39.670000,2,1,2,16
2501007R.MAP,1,1685,2023-09-19 08:07:49.180000,2,1,2,3
2501009E.MAP,1,1686,1938-09-07 08:08:42.640000,2,1,2,2
2501009O.MAP,1,1656,2038-09-07 08:08:48.980000,2,1,2,2
2501009P.MAP,1,1685,1938-09-07 08:08:53.170000,2,1,2,2
2501009Q.MAP,1,1693,1938-09-07 08:08:54.550000,2,1,2,2
250100AX.MAP,1,1288,2023-09-19 13:49:44.560000,2,1,2,2
250100AY.MAP,1,41959,2023-09-19 08:11:56.740000,2,1,2,4136
250100BE.MAP,1,46429,2025-01-09 08:12:39.360000,2,1,2,2
250100C7.MAP,1,12104,2025-01-09 08:15:03.570000,2,1,2,2
250100H2.MAP,1,44938,2025-01-09 08:16:07.720000,2,1,2,16
250100I7.MAP,1,6576,2025-01-09 08:16:28.700000,2,1,2,17
250100I8.MAP,1,6575,2025-01-09 08:16:29.100000,2,1,2,3
250100IC.MAP,1,44198,2025-01-10 08:17:06.720000,2,1,2,2
250100ID.MAP,1,44195,2025-01-10 08:17:06.460000,2,1,2,2
250100IE.MAP,1,10804,2025-01-09 08:16:31.690000,2,1,2,3
250100IK.MAP,1,6850,2025-01-09 08:17:02.070000,2,1,2,504
250100IL.MAP,1,10788,2025-01-09 08:16:52.680000,2,1,2,260
250100IQ.MAP,1,30090,2025-01-09 08:16:54.790000,2,1,2,231
250100IR.MAP,1,35138,2025-01-09 08:16:47.080000,2,1,2,2
250100IW.MAP,1,10403,2025-01-09 08:16:42.470000,2,1,2,2
250100IX.MAP,1,39497,2025-01-09 08:17:07.180000,2,1,2,4
250100J2.MAP,1,6355,2025-01-09 08:16:40.090000,2,1,2,87
250100J3.MAP,1,6223,2025-01-09 08:16:36.070000,2,1,2,4
250100J4.MAP,1,9468,2025-01-09 08:16:35.590000,2,1,2,2
250100JD.MAP,1,38277,2025-01-09 08:16:54.060000,2,1,2,5
250100JF.MAP,1,20163,2025-01-09 08:18:58.080000,2,1,2,3
250100JG.MAP,1,10789,2025-01-09 08:16:51.130000,2,1,2,6
250100JI.MAP,1,10790,2025-01-09 08:16:50.730000,2,1,2,225
250100KD.MAP,1,41323,2025-01-09 08:16:57.210000,2,1,2,2
250100KF.MAP,1,41322,2025-01-09 08:16:57.460000,2,1,2,2
250100OK.MAP,1,41648,2025-01-09 13:00:23.980000,2,1,2,2
250100OL.MAP,1,41649,2025-01-09 13:00:24.450000,2,1,2,42
250100OM.MAP,1,41649,2025-01-10 13:00:21.700000,2,1,2,3
250100PI.MAP,1,1671,2025-01-10 15:00:22.690000,2,1,2,3
250100PJ.MAP,1,1673,2025-01-10 15:00:23.640000,2,1,2,2
250100QI.MAP,1,1650,2025-01-10 15:00:22.670000,2,1,2,2
250100S8.MAP,1,47199,2025-01-10 11:02:18.350000,2,1,2,2
25011014.MAP,1,46713,2025-01-11 05:31:54.690000,2,1,2,4
25011023.MAP,1,45299,2025-01-10 08:01:20.730000,2,1,2,2
25011024.MAP,1,41266,2025-01-10 08:00:47.930000,2,1,2,287
25011025.MAP,1,46153,2025-01-10 08:00:47.640000,2,1,2,161
25011026.MAP,1,45290,2025-01-10 08:01:21.200000,2,1,2,2
2501102A.MAP,1,45842,2025-01-10 08:01:22.810000,2,1,2,34
2501102K.MAP,1,42135,2025-01-10 08:01:37.050000,2,1,2,2
2501102L.MAP,1,42541,2025-01-10 08:02:19.300000,2,1,2,2
2501103M.MAP,1,46793,2023-09-20 09:54:04.390000,2,1,2,2
2501103O.MAP,1,44616,2023-09-20 09:54:09.720000,2,1,2,2
2501103P.MAP,1,9431,2023-09-20 09:54:14.540000,2,1,2,2
2501103Q.MAP,1,9433,2023-09-20 09:54:14.780000,2,1,2,2
25011046.MAP,1,40793,2023-09-20 09:54:58.970000,2,1,2,79969
25011048.MAP,1,46174,1938-09-15 08:05:16.470000,2,1,2,2
2501105D.MAP,1,43685,2025-01-10 08:07:26.230000,2,1,2,2
2501105O.MAP,1,1596,2025-01-10 08:06:26.570000,2,1,2,230
2501105W.MAP,1,45323,2025-01-10 08:07:11.570000,2,1,2,15547
2501105X.MAP,1,1603,2025-01-10 08:07:10.050000,2,1,2,17
2501105Y.MAP,1,42347,2025-01-10 08:07:11.120000,2,1,2,7
2501105Z.MAP,1,44922,2025-01-10 08:07:08.900000,2,1,2,2
25011060.MAP,1,42215,2025-01-10 08:06:56.790000,2,1,2,101
25011061.MAP,1,4865,2025-01-10 08:07:08.210000,2,1,2,4
25011062.MAP,1,7181,2025-01-10 08:06:46.910000,2,1,2,2
25011063.MAP,1,7180,2025-01-10 08:06:48.710000,2,1,2,8
25011064.MAP,1,31247,2025-01-10 08:06:53.550000,2,1,2,4
25011065.MAP,1,35162,2025-01-10 08:06:48,2,1,2,2
25011066.MAP,1,1478,2025-01-10 08:07:10.770000,2,1,2,34
2501106M.MAP,1,19136,2025-01-10 15:00:25.950000,2,1,2,2
2501106P.MAP,1,1662,2023-09-20 13:50:43.430000,2,1,2,5
2501106Q.MAP,1,1685,2023-09-20 08:08:26.150000,2,1,2,2
2501106Y.MAP,1,1663,2023-09-20 08:08:27.570000,2,1,2,3
2501106Z.MAP,1,1693,2023-09-20 08:08:27.820000,2,1,2,2
2501107Q.MAP,1,1656,2025-01-10 08:08:59.110000,2,1,2,4
2501108B.MAP,1,8716,1938-09-07 08:09:12.300000,2,1,2,3
2501108V.MAP,1,1685,1938-09-15 08:09:39.280000,2,1,2,2
25011094.MAP,1,1288,2023-09-20 13:55:22.730000,2,1,2,2
2501109N.MAP,1,46429,2025-01-10 08:10:29.300000,2,1,2,2
250110A1.MAP,1,46431,2025-01-10 08:10:55.850000,2,1,2,2
250110AJ.MAP,1,44726,2025-01-13 08:09:59.040000,2,1,2,2
250110AK.MAP,1,11025,2025-01-10 08:10:37.830000,2,1,2,5762
250110AL.MAP,1,44728,2025-01-13 08:12:50.280000,2,1,2,2
250110BH.MAP,1,19851,2038-09-15 08:14:17.630000,2,1,2,2
250110BN.MAP,1,12104,2025-01-10 08:12:52.090000,2,1,2,2
250110HP.MAP,1,6575,2025-01-10 08:16:38.230000,2,1,2,3
250110HX.MAP,1,39497,2025-01-10 08:17:20.960000,2,1,2,4
250110HZ.MAP,1,6223,2025-01-10 08:16:45.380000,2,1,2,2
250110I3.MAP,1,9468,2025-01-10 08:16:46.110000,2,1,2,2
250110I4.MAP,1,6355,2025-01-10 08:16:50.920000,2,1,2,84
250110ID.MAP,1,20163,2025-01-10 08:17:56.410000,2,1,2,3
250110IE.MAP,1,38277,2025-01-10 08:17:01.910000,2,1,2,6
250110IF.MAP,1,10789,2025-01-10 08:16:42.080000,2,1,2,6
250110IG.MAP,1,10790,2025-01-10 08:16:40.110000,2,1,2,9
250110IH.MAP,1,10804,2025-01-10 08:16:38.700000,2,1,2,2
250110II.MAP,1,10806,2025-01-10 08:16:41.610000,2,1,2,2
250110J1.MAP,1,10403,2025-01-10 08:16:52.500000,2,1,2,2
250110J2.MAP,1,30090,2025-01-10 08:17:04.050000,2,1,2,231
250110J3.MAP,1,10788,2025-01-10 08:16:59.350000,2,1,2,783
250110JA.MAP,1,6850,2025-01-10 08:17:09.850000,2,1,2,4
250110JK.MAP,1,35138,2025-01-10 08:16:57.070000,2,1,2,2
250110K5.MAP,1,44356,2025-01-10 08:17:15.500000,2,1,2,4774
250110K7.MAP,1,41323,2025-01-10 08:17:07.900000,2,1,2,2
250110K8.MAP,1,41322,2025-01-10 08:17:07.180000,2,1,2,2
250110OG.MAP,1,45841,2024-12-31 08:06:45.470000,2,1,2,2
250110OL.MAP,1,1438,2024-12-17 08:06:31.550000,2,1,2,3
250110OS.MAP,1,42347,2024-12-17 08:24:55.410000,2,1,2,2
250110OX.MAP,1,45841,2025-01-10 08:07:50.780000,2,1,2,2
250110QU.MAP,1,47199,2025-01-11 11:02:04.390000,2,1,2,2
25012059.MAP,1,47199,2025-01-12 11:02:05.640000,2,1,2,2
2501307M.MAP,1,47199,2025-01-13 11:02:14.440000,2,1,2,2
25014074.MAP,1,47199,2025-01-14 11:02:16.920000,2,1,2,2
25015068.MAP,1,43685,2025-01-13 17:01:09.550000,2,1,2,2
2501506L.MAP,1,8716,1938-09-15 17:01:20.720000,2,1,2,3
2501506N.MAP,1,8715,1938-09-15 17:01:23.810000,2,1,2,2
25015098.MAP,1,47199,2025-01-15 11:02:21.860000,2,1,2,2
2501601H.MAP,1,42135,2025-01-13 17:00:22.600000,2,1,2,2
2501601I.MAP,1,42541,2025-01-13 17:01:02.060000,2,1,2,2
25016027.MAP,1,42135,2025-01-15 08:01:20.970000,2,1,2,2
25016037.MAP,1,1686,1938-10-06 08:03:20.950000,2,1,2,2
2501603H.MAP,1,1659,1938-10-06 08:03:31.750000,2,1,2,4
2501603J.MAP,1,1693,1938-09-23 08:03:38.370000,2,1,2,2
25016047.MAP,1,8716,1938-09-23 08:03:58.410000,2,1,2,2
25016048.MAP,1,8718,2038-09-23 08:04:00,2,1,2,2
25016049.MAP,1,8715,1938-09-23 08:04:00.920000,2,1,2,2
2501604B.MAP,1,8716,1938-09-30 08:04:05.660000,2,1,2,3
2501604N.MAP,1,8715,1938-09-30 08:04:07.370000,2,1,2,3
2501604O.MAP,1,8717,1938-09-30 08:04:08.730000,2,1,2,3
2501604P.MAP,1,1663,1938-10-06 08:04:14.740000,2,1,2,2
2501604Q.MAP,1,1693,1938-10-06 08:04:16.320000,2,1,2,2
25016059.MAP,1,19851,2038-09-23 08:04:52.900000,2,1,2,2
2501607A.MAP,1,20163,2025-01-13 08:10:15.730000,2,1,2,4
250160AA.MAP,1,20163,2025-01-15 08:13:56.630000,2,1,2,3
250160DD.MAP,1,47280,2025-01-09 09:48:38.250000,2,1,2,8
2501700G.MAP,1,1,2025-01-16 08:00:08.820000,2,1,2,2
2501700H.MAP,1,42541,2025-01-16 08:01:02.710000,2,1,2,2
2501700I.MAP,1,43685,2025-01-16 13:00:05.050000,2,1,2,2
25017016.MAP,1,8717,1938-10-06 08:01:44.660000,2,1,2,3
25017018.MAP,1,8718,2038-10-06 08:01:43.910000,2,1,2,3
